area,pickup_name,latitude,longitude
Thiruvottiyur,Thiruvottiyur Theradi,13.1602783,80.3024553
Thiruvottiyur,Thiruvottiyur Theradi,13.1602152,80.3024483
Perambur,Perambur High Road,13.1056939,80.2509912
Perambur,Perambur High Road,13.1067416,80.2482507
Perambur,Perambur High Road,13.1084816,80.2430419
Perambur,Perambur High Road,13.1071765,80.2443576
Perambur,Perambur High Road,13.1065797,80.2426289
Perambur,Perambur Lourdes Church,13.1090349,80.2410153
Perambur,Perambur High Road,13.1079771,80.2455444
Perambur,Perambur High Road,13.1057803,80.2510154
Perambur,Perambur High Road,13.1070757,80.2465552
Perambur,Perambur High Road,13.1080787,80.247556
Perambur,Perambur High Road,13.1083419,80.2496111
Perambur,Perambur High Road,13.1083141,80.2445824
Perambur,Perambur High Road,13.1079428,80.2461532
Perambur,Perambur High Road,13.1069044,80.2411642
Perambur,Perambur High Road,13.1084688,80.2419906
Perambur,Perambur High Road,13.1085693,80.2440872
Perambur,Perambur Carriage Works,13.1072814,80.2388864
Perambur,Perambur,13.107719,80.2444143
Perambur,Perambur Loco Works,13.1083773,80.22584
Ennore,Ennore Bus Stand,13.2199946,80.3156733
Ennore,Ennore Railway Station,13.2174681,80.3216013
Ennore,Kathivakkam,13.2161325,80.318177
Ennore,Ernavur,13.1895685,80.3039002
Ennore,Ennore Market,13.2163796,80.320772
Manali,Manali New Town,13.1669,80.2700
Manali,Manali Market,13.1648,80.2708
Manali,Manali Bus Stand,13.1657,80.2740
Manali,Manali Industrial Area,13.1585,80.2705
Manali,Chinnasekkadu,13.1745,80.2745
Madhavaram,Madhavaram Bus Terminus,13.1489,80.2315
Madhavaram,Madhavaram Milk Colony,13.1532,80.2380
Madhavaram,Madhavaram Roundabout,13.1481,80.2358
Madhavaram,Madhavaram Market,13.1458,80.2305
Madhavaram,Madhavaram High Road,13.1438,80.2330
Kodungaiyur,Kodungaiyur Bus Stop,13.1335,80.2525
Kodungaiyur,Kodungaiyur Market,13.1308,80.2540
Kodungaiyur,Muthamizh Nagar,13.1285,80.2600
Kodungaiyur,MR Nagar,13.1370,80.2580
Kodungaiyur,Krishna Nagar,13.1350,80.2650
Tondiarpet,Tondiarpet Bus Depot,13.1265,80.2895
Tondiarpet,Tondiarpet Market,13.1290,80.2915
Tondiarpet,Tondiarpet Railway Station,13.1245,80.2870
Tondiarpet,Thangal,13.1195,80.2910
Tondiarpet,Korukkupet Junction,13.1175,80.2865
Royapuram,Royapuram Bus Stand,13.1138,80.2935
Royapuram,Royapuram Railway Station,13.1077,80.2922
Royapuram,Royapuram Market,13.1095,80.2900
Royapuram,Kalmandapam,13.1125,80.2865
Royapuram,Kasimedu,13.1145,80.3015
Washermenpet,Washermenpet Metro,13.1085,80.2800
Washermenpet,Washermenpet Railway Station,13.1080,80.2830
Washermenpet,Washermenpet Market,13.1100,80.2775
Washermenpet,Mint Bus Stop,13.1045,80.2785
Washermenpet,Old Washermenpet,13.1115,80.2845
George Town,Parrys Corner,13.0878,80.2890
George Town,High Court,13.0875,80.2865
George Town,Broadway Bus Terminus,13.0885,80.2825
George Town,Chennai Central,13.0827,80.2707
George Town,Mint Street,13.0910,80.2835
Purasawalkam,Purasawalkam Tank,13.0875,80.2605
Purasawalkam,Purasawalkam High Road,13.0860,80.2580
Purasawalkam,Purasawalkam Market,13.0835,80.2600
Purasawalkam,Doveton Junction,13.0890,80.2535
Purasawalkam,Kellys,13.0820,80.2555
Ayanavaram,Ayanavaram Bus Stop,13.0985,80.2445
Ayanavaram,Ayanavaram Railway Station,13.0980,80.2500
Ayanavaram,Ayanavaram Market,13.0955,80.2470
Ayanavaram,New Avadi Road,13.1020,80.2485
Ayanavaram,Otteri Bridge,13.0875,80.2475
Vyasarpadi,Vyasarpadi Bus Stop,13.1065,80.2570
Vyasarpadi,Vyasarpadi Railway Station,13.1025,80.2575
Vyasarpadi,Vyasarpadi Market,13.1040,80.2535
Vyasarpadi,MKB Nagar,13.1130,80.2585
Vyasarpadi,Sembiam,13.1135,80.2470
Sembiam,Sembiam Bus Stop,13.1150,80.2385
Sembiam,Sembiam Railway Station,13.1155,80.2360
Sembiam,Sembiam Market,13.1125,80.2395
Sembiam,Ganesapuram,13.1190,80.2410
Sembiam,Perambur Barracks Road,13.1105,80.2450
Purasawalkam,Purasawalkam Tank,13.0875,80.2605
Purasawalkam,Purasawalkam High Road,13.0860,80.2580
Purasawalkam,Purasawalkam Market,13.0835,80.2600
Purasawalkam,Doveton Junction,13.0890,80.2535
Purasawalkam,Kellys,13.0820,80.2555
Guindy,Guindy Metro,13.0067,80.2206
Guindy,Guindy Railway Station,13.0068,80.2200
Guindy,Guindy Bus Stand,13.0075,80.2209
Guindy,Kathipara Junction,13.0128,80.2121
Guindy,Guindy Industrial Estate,13.0102,80.2115
Saidapet,Saidapet Bus Stand,13.0228,80.2231
Saidapet,Saidapet Railway Station,13.0235,80.2239
Saidapet,Saidapet Market,13.0198,80.2265
Saidapet,Little Mount,13.0175,80.2235
Saidapet,Saidapet Court,13.0190,80.2280
Adyar,Adyar Bus Depot,13.0067,80.2570
Adyar,Adyar Railway Station,13.0065,80.2572
Adyar,Adyar Market,13.0018,80.2565
Adyar,Adyar Signal,13.0035,80.2578
Adyar,Gandhi Nagar,13.0105,80.2555
Velachery,Velachery Bus Stand,12.9815,80.2180
Velachery,Velachery Railway Station,12.9810,80.2205
Velachery,Velachery Main Road,12.9785,80.2200
Velachery,Velachery Market,12.9755,80.2215
Velachery,Tansi Nagar,12.9840,80.2155
Taramani,Taramani Railway Station,12.9786,80.2460
Taramani,Taramani Bus Stop,12.9820,80.2415
Taramani,TIDEL Park,12.9890,80.2470
Taramani,Ascendas IT Park,12.9895,80.2500
Taramani,Taramani Link Road,12.9735,80.2425
Thiruvanmiyur,Thiruvanmiyur Bus Depot,12.9830,80.2590
Thiruvanmiyur,Thiruvanmiyur Railway Station,12.9860,80.2595
Thiruvanmiyur,Thiruvanmiyur Beach,12.9835,80.2660
Thiruvanmiyur,RTO Thiruvanmiyur,12.9805,80.2555
Thiruvanmiyur,LB Road,12.9870,80.2565
Perungudi,Perungudi Bus Stop,12.9650,80.2460
Perungudi,Perungudi Railway Station,12.9700,80.2450
Perungudi,Perungudi Market,12.9625,80.2475
Perungudi,OMR Perungudi,12.9585,80.2480
Perungudi,RMZ Millenia,12.9705,80.2495
Sholinganallur,Sholinganallur Bus Stop,12.9010,80.2279
Sholinganallur,Sholinganallur Signal,12.9005,80.2270
Sholinganallur,Sholinganallur Market,12.8990,80.2255
Sholinganallur,Sholinganallur Junction,12.8995,80.2310
Sholinganallur,Accenture Sholinganallur,12.9100,80.2270
Medavakkam,Medavakkam Bus Stop,12.9180,80.1920
Medavakkam,Medavakkam Junction,12.9170,80.1910
Medavakkam,Medavakkam Market,12.9145,80.1935
Medavakkam,Medavakkam Main Road,12.9200,80.1950
Medavakkam,Kilkattalai Junction,12.9540,80.1925
Tambaram,Tambaram Bus Stand,12.9249,80.1000
Tambaram,Tambaram Railway Station,12.9246,80.1270
Tambaram,Tambaram Market,12.9225,80.1220
Tambaram,East Tambaram,12.9240,80.1350
Tambaram,West Tambaram,12.9230,80.1050
Chromepet,Chromepet Bus Stand,12.9516,80.1462
Chromepet,Chromepet Railway Station,12.9516,80.1390
Chromepet,Chromepet Market,12.9505,80.1440
Chromepet,Chromepet GST Road,12.9490,80.1425
Chromepet,Radha Nagar,12.9560,80.1480
Pallavaram,Pallavaram Bus Stand,12.9675,80.1490
Pallavaram,Pallavaram Railway Station,12.9670,80.1480
Pallavaram,Pallavaram Market,12.9685,80.1505
Pallavaram,Pallavaram GST Road,12.9690,80.1465
Pallavaram,Zamin Pallavaram,12.9625,80.1540
Porur,Porur Bus Stand,13.0358,80.1565
Porur,Porur Junction,13.0365,80.1580
Porur,Porur Market,13.0335,80.1545
Porur,Porur Lake,13.0320,80.1515
Porur,Mugalivakkam Junction,13.0205,80.1480
Kundrathur,Kundrathur Bus Stand,12.9980,80.0960
Kundrathur,Kundrathur Temple,12.9970,80.0925
Kundrathur,Kundrathur Market,12.9955,80.0945
Kundrathur,Kundrathur Main Road,12.9990,80.0980
Kundrathur,Mangadu Junction,13.0080,80.1120
Poonamallee,Poonamallee Bus Stand,13.0475,80.1105
Poonamallee,Poonamallee Railway Station,13.0480,80.1055
Poonamallee,Poonamallee Market,13.0460,80.1080
Poonamallee,Poonamallee High Road,13.0500,80.1120
Poonamallee,Kattupakkam,13.0405,80.1290
Avadi,Avadi Bus Stand,13.1147,80.1017
Avadi,Avadi Railway Station,13.1146,80.0950
Avadi,Avadi Market,13.1125,80.1010
Avadi,Avadi Main Road,13.1180,80.1080
Avadi,HVF Avadi,13.1205,80.0855
Ambattur,Ambattur Bus Stand,13.1143,80.1548
Ambattur,Ambattur Railway Station,13.1147,80.1545
Ambattur,Ambattur Market,13.1115,80.1580
Ambattur,Ambattur Industrial Estate,13.0985,80.1620
Ambattur,OT Bus Stop,13.1080,80.1505
Anna Nagar,Anna Nagar Tower,13.0850,80.2100
Anna Nagar,Anna Nagar East Metro,13.0845,80.2200
Anna Nagar,Anna Nagar West Bus Depot,13.0950,80.2015
Anna Nagar,Shanti Colony,13.0865,80.2160
Anna Nagar,Thirumangalam Junction,13.0855,80.1935
Mogappair,Mogappair Bus Stop,13.0735,80.1755
Mogappair,Mogappair East,13.0820,80.1860
Mogappair West,Mogappair West Bus Stop,13.0805,80.1645
Mogappair,Mogappair Market,13.0760,80.1810
Mogappair,JJ Nagar,13.0880,80.1735
Koyambedu,Koyambedu Bus Terminus,13.0694,80.1948
Koyambedu,Koyambedu Metro,13.0732,80.1942
Koyambedu,Koyambedu Market,13.0720,80.1965
Koyambedu,Koyambedu Junction,13.0665,80.1960
Koyambedu,100 Feet Road,13.0710,80.2010
Nungambakkam,Nungambakkam Railway Station,13.0569,80.2425
Nungambakkam,Nungambakkam Bus Stop,13.0575,80.2420
Nungambakkam,Nungambakkam High Road,13.0585,80.2490
Nungambakkam,Valluvar Kottam,13.0520,80.2430
Nungambakkam,College Road,13.0610,80.2425
Egmore,Egmore Railway Station,13.0732,80.2609
Egmore,Egmore Bus Stop,13.0738,80.2615
Egmore,Egmore Market,13.0715,80.2585
Egmore,Pantheon Road,13.0730,80.2555
Egmore,Egmore Museum,13.0698,80.2565
Mylapore,Mylapore Bus Terminus,13.0368,80.2676
Mylapore,Mylapore Railway Station,13.0339,80.2680
Mylapore,Mylapore Market,13.0330,80.2690
Mylapore,Kapaleeshwarar Temple,13.0332,80.2698
Mylapore,Royapettah High Road,13.0450,80.2625
Adambakkam,Adambakkam Bus Stop,12.9855,80.2015
Adambakkam,Adambakkam Railway Station,12.9835,80.2010
Adambakkam,Adambakkam Market,12.9815,80.2040
Adambakkam,St Thomas Mount Road,12.9950,80.1985
Adambakkam,Brindavan Nagar,12.9785,80.2025
Alandur,Alandur Bus Stand,13.0025,80.2015
Alandur,Alandur Metro,13.0040,80.2010
Alandur,Alandur Railway Station,13.0035,80.1995
Alandur,Alandur Market,13.0005,80.2040
Alandur,St Thomas Mount,12.9955,80.1980
St Thomas Mount,St Thomas Mount Railway Station,12.9945,80.1985
St Thomas Mount,St Thomas Mount Bus Stop,12.9955,80.1995
St Thomas Mount,St Thomas Mount Metro,12.9940,80.1980
St Thomas Mount,Mount Poonamallee Road,12.9970,80.1945
St Thomas Mount,Butt Road,12.9905,80.1965